Tipo,País,Setor,Ativo
Equity,Brasil,Comunicação,A1TH34.SA
Equity,Brasil,Comunicação,ATOM3.SA
Equity,Brasil,Comunicação,ATTB34.SA
Equity,Brasil,Comunicação,B1IL34.SA
Equity,Brasil,Comunicação,BIDU34.SA
Equity,Brasil,Comunicação,BMOB3.SA
Equity,Brasil,Comunicação,BRIT3.SA
Equity,Brasil,Comunicação,C1AB34.SA
Equity,Brasil,Comunicação,C1BS34.SA
Equity,Brasil,Comunicação,CASH3.SA
Equity,Brasil,Comunicação,CHCM34.SA
Equity,Brasil,Comunicação,CMCS34.SA
Equity,Brasil,Comunicação,D2AS34.SA
Equity,Brasil,Comunicação,DESK3.SA
Equity,Brasil,Comunicação,DISB34.SA
Equity,Brasil,Comunicação,DOTZ3.SA
Equity,Brasil,Comunicação,DTCY3.SA
Equity,Brasil,Comunicação,EAIN34.SA
Equity,Brasil,Comunicação,ELMD3.SA
Equity,Brasil,Comunicação,F2VR34.SA
Equity,Brasil,Comunicação,FIQE3.SA
Equity,Brasil,Comunicação,FOXC34.SA
Equity,Brasil,Comunicação,GOGL34.SA
Equity,Brasil,Comunicação,GOGL35.SA
Equity,Brasil,Comunicação,I1QY34.SA
Equity,Brasil,Comunicação,K1TC34.SA
Equity,Brasil,Comunicação,L1MN34.SA
Equity,Brasil,Comunicação,L1YV34.SA
Equity,Brasil,Comunicação,LBRD34.SA
Equity,Brasil,Comunicação,LVTC3.SA
Equity,Brasil,Comunicação,M1TA34.SA
Equity,Brasil,Comunicação,M1TC34.SA
Equity,Brasil,Comunicação,NETE34.SA
Equity,Brasil,Comunicação,NFLX34.SA
Equity,Brasil,Comunicação,O1MC34.SA
Equity,Brasil,Comunicação,OIBR3.SA
Equity,Brasil,Comunicação,OIBR4.SA
Equity,Brasil,Comunicação,P2IN34.SA
Equity,Brasil,Comunicação,R1KU34.SA
Equity,Brasil,Comunicação,R2BL34.SA
Equity,Brasil,Comunicação,S1KM34.SA
Equity,Brasil,Comunicação,S1PO34.SA
Equity,Brasil,Comunicação,SRXM34.SA
Equity,Brasil,Comunicação,T1LK34.SA
Equity,Brasil,Comunicação,T1MU34.SA
Equity,Brasil,Comunicação,T1TW34.SA
Equity,Brasil,Comunicação,T1WL34.SA
Equity,Brasil,Comunicação,TELB3.SA
Equity,Brasil,Comunicação,TELB4.SA
Equity,Brasil,Comunicação,TIMS3.SA
Equity,Brasil,Comunicação,TLNC34.SA
Equity,Brasil,Comunicação,V1OD34.SA
Equity,Brasil,Comunicação,VERZ34.SA
Equity,Brasil,Comunicação,VIVT3.SA
Equity,Brasil,Comunicação,W1BO34.SA
Equity,Brasil,Comunicação,W1MG34.SA
Equity,Brasil,Consumo Cíclico,A1AP34.SA
Equity,Brasil,Consumo Cíclico,A1CR34.SA
Equity,Brasil,Consumo Cíclico,AHEB3.SA
Equity,Brasil,Consumo Cíclico,AIRB34.SA
Equity,Brasil,Consumo Cíclico,ALPA3.SA
Equity,Brasil,Consumo Cíclico,ALPA4.SA
Equity,Brasil,Consumo Cíclico,AMAR3.SA
Equity,Brasil,Consumo Cíclico,AMER3.SA
Equity,Brasil,Consumo Cíclico,AMZO34.SA
Equity,Brasil,Consumo Cíclico,APTV34.SA
Equity,Brasil,Consumo Cíclico,ARZZ3.SA
Equity,Brasil,Consumo Cíclico,AZOI34.SA
Equity,Brasil,Consumo Cíclico,B1BW34.SA
Equity,Brasil,Consumo Cíclico,B1WA34.SA
Equity,Brasil,Consumo Cíclico,BABA34.SA
Equity,Brasil,Consumo Cíclico,BBYY34.SA
Equity,Brasil,Consumo Cíclico,BHIA3.SA
Equity,Brasil,Consumo Cíclico,BKNG34.SA
Equity,Brasil,Consumo Cíclico,BMKS3.SA
Equity,Brasil,Consumo Cíclico,C1CL34.SA
Equity,Brasil,Consumo Cíclico,C1MG34.SA
Equity,Brasil,Consumo Cíclico,C2HD34.SA
Equity,Brasil,Consumo Cíclico,CAMB3.SA
Equity,Brasil,Consumo Cíclico,CEAB3.SA
Equity,Brasil,Consumo Cíclico,CEDO3.SA
Equity,Brasil,Consumo Cíclico,CEDO4.SA
Equity,Brasil,Consumo Cíclico,CGRA3.SA
Equity,Brasil,Consumo Cíclico,CGRA4.SA
Equity,Brasil,Consumo Cíclico,CRIP34.SA
Equity,Brasil,Consumo Cíclico,CTKA3.SA
Equity,Brasil,Consumo Cíclico,CTKA4.SA
Equity,Brasil,Consumo Cíclico,CTNM3.SA
Equity,Brasil,Consumo Cíclico,CTNM4.SA
Equity,Brasil,Consumo Cíclico,CTSA3.SA
Equity,Brasil,Consumo Cíclico,CTSA4.SA
Equity,Brasil,Consumo Cíclico,CVCB3.SA
Equity,Brasil,Consumo Cíclico,CYRE3.SA
Equity,Brasil,Consumo Cíclico,D1HI34.SA
Equity,Brasil,Consumo Cíclico,D2KN34.SA
Equity,Brasil,Consumo Cíclico,D2PZ34.SA
Equity,Brasil,Consumo Cíclico,DOHL4.SA
Equity,Brasil,Consumo Cíclico,E2TS34.SA
Equity,Brasil,Consumo Cíclico,EBAY34.SA
Equity,Brasil,Consumo Cíclico,ENJU3.SA
Equity,Brasil,Consumo Cíclico,ESPA3.SA
Equity,Brasil,Consumo Cíclico,ESTR4.SA
Equity,Brasil,Consumo Cíclico,EXCO32.SA
Equity,Brasil,Consumo Cíclico,FDMO34.SA
Equity,Brasil,Consumo Cíclico,FRAS3.SA
Equity,Brasil,Consumo Cíclico,FRIO3.SA
Equity,Brasil,Consumo Cíclico,GFSA3.SA
Equity,Brasil,Consumo Cíclico,GMAT3.SA
Equity,Brasil,Consumo Cíclico,GMCO34.SA
Equity,Brasil,Consumo Cíclico,GPSI34.SA
Equity,Brasil,Consumo Cíclico,GRND3.SA
Equity,Brasil,Consumo Cíclico,GUAR3.SA
Equity,Brasil,Consumo Cíclico,H1AS34.SA
Equity,Brasil,Consumo Cíclico,H1BI34.SA
Equity,Brasil,Consumo Cíclico,H1LT34.SA
Equity,Brasil,Consumo Cíclico,H1OG34.SA
Equity,Brasil,Consumo Cíclico,H1TH34.SA
Equity,Brasil,Consumo Cíclico,HOME34.SA
Equity,Brasil,Consumo Cíclico,HOND34.SA
Equity,Brasil,Consumo Cíclico,HOOT4.SA
Equity,Brasil,Consumo Cíclico,J1WN34.SA
Equity,Brasil,Consumo Cíclico,JDCO34.SA
Equity,Brasil,Consumo Cíclico,K1MX34.SA
Equity,Brasil,Consumo Cíclico,K1SS34.SA
Equity,Brasil,Consumo Cíclico,L1EG34.SA
Equity,Brasil,Consumo Cíclico,L1EN34.SA
Equity,Brasil,Consumo Cíclico,L1UL34.SA
Equity,Brasil,Consumo Cíclico,L1VS34.SA
Equity,Brasil,Consumo Cíclico,LEVE3.SA
Equity,Brasil,Consumo Cíclico,LJQQ3.SA
Equity,Brasil,Consumo Cíclico,LOWC34.SA
Equity,Brasil,Consumo Cíclico,LREN3.SA
Equity,Brasil,Consumo Cíclico,M1HK34.SA
Equity,Brasil,Consumo Cíclico,M1LC34.SA
Equity,Brasil,Consumo Cíclico,M1TT34.SA
Equity,Brasil,Consumo Cíclico,MACY34.SA
Equity,Brasil,Consumo Cíclico,MBLY3.SA
Equity,Brasil,Consumo Cíclico,MCDC34.SA
Equity,Brasil,Consumo Cíclico,MEAL3.SA
Equity,Brasil,Consumo Cíclico,MELI34.SA
Equity,Brasil,Consumo Cíclico,MGLU3.SA
Equity,Brasil,Consumo Cíclico,MRVE3.SA
Equity,Brasil,Consumo Cíclico,MWET3.SA
Equity,Brasil,Consumo Cíclico,MWET4.SA
Equity,Brasil,Consumo Cíclico,MYPK3.SA
Equity,Brasil,Consumo Cíclico,N1CL34.SA
Equity,Brasil,Consumo Cíclico,N1VR34.SA
Equity,Brasil,Consumo Cíclico,NIKE34.SA
Equity,Brasil,Consumo Cíclico,ORLY34.SA
Equity,Brasil,Consumo Cíclico,P1DD34.SA
Equity,Brasil,Consumo Cíclico,P2EN34.SA
Equity,Brasil,Consumo Cíclico,PCAR3.SA
Equity,Brasil,Consumo Cíclico,PETZ3.SA
Equity,Brasil,Consumo Cíclico,PLAS3.SA
Equity,Brasil,Consumo Cíclico,PTNT3.SA
Equity,Brasil,Consumo Cíclico,PTNT4.SA
Equity,Brasil,Consumo Cíclico,R1CL34.SA
Equity,Brasil,Consumo Cíclico,R1OL34.SA
Equity,Brasil,Consumo Cíclico,R2HH34.SA
Equity,Brasil,Consumo Cíclico,RANI3.SA
Equity,Brasil,Consumo Cíclico,ROST34.SA
Equity,Brasil,Consumo Cíclico,RSID3.SA
Equity,Brasil,Consumo Cíclico,RSUL4.SA
Equity,Brasil,Consumo Cíclico,S2EA34.SA
Equity,Brasil,Consumo Cíclico,S2IX34.SA
Equity,Brasil,Consumo Cíclico,SBFG3.SA
Equity,Brasil,Consumo Cíclico,SBUB34.SA
Equity,Brasil,Consumo Cíclico,SGPS3.SA
Equity,Brasil,Consumo Cíclico,SHOW3.SA
Equity,Brasil,Consumo Cíclico,SHUL4.SA
Equity,Brasil,Consumo Cíclico,SMFT3.SA
Equity,Brasil,Consumo Cíclico,SNSY3.SA
Equity,Brasil,Consumo Cíclico,SNSY5.SA
Equity,Brasil,Consumo Cíclico,SOMA3.SA
Equity,Brasil,Consumo Cíclico,T1RI34.SA
Equity,Brasil,Consumo Cíclico,T1SC34.SA
Equity,Brasil,Consumo Cíclico,TECN3.SA
Equity,Brasil,Consumo Cíclico,TEKA3.SA
Equity,Brasil,Consumo Cíclico,TEKA4.SA
Equity,Brasil,Consumo Cíclico,TFCO4.SA
Equity,Brasil,Consumo Cíclico,TJXC34.SA
Equity,Brasil,Consumo Cíclico,TMCO34.SA
Equity,Brasil,Consumo Cíclico,TSLA34.SA
Equity,Brasil,Consumo Cíclico,TXRX3.SA
Equity,Brasil,Consumo Cíclico,TXRX4.SA
Equity,Brasil,Consumo Cíclico,U1AI34.SA
Equity,Brasil,Consumo Cíclico,U1LT34.SA
Equity,Brasil,Consumo Cíclico,UCAS3.SA
Equity,Brasil,Consumo Cíclico,V1IP34.SA
Equity,Brasil,Consumo Cíclico,VBBR3.SA
Equity,Brasil,Consumo Cíclico,VFCO34.SA
Equity,Brasil,Consumo Cíclico,VIVA3.SA
Equity,Brasil,Consumo Cíclico,VSTE3.SA
Equity,Brasil,Consumo Cíclico,VULC3.SA
Equity,Brasil,Consumo Cíclico,W1HR34.SA
Equity,Brasil,Consumo Cíclico,W2YF34.SA
Equity,Brasil,Consumo Cíclico,WEST3.SA
Equity,Brasil,Consumo Cíclico,WHRL3.SA
Equity,Brasil,Consumo Cíclico,WHRL4.SA
Equity,Brasil,Consumo Cíclico,WLMM4.SA
Equity,Brasil,Consumo Cíclico,YUMR34.SA
Equity,Brasil,Consumo Cíclico,ZAMP3.SA
Equity,Brasil,Energia,A1PA34.SA
Equity,Brasil,Energia,B1KR34.SA
Equity,Brasil,Energia,B1PP34.SA
Equity,Brasil,Energia,C1OG34.SA
Equity,Brasil,Energia,CHVX34.SA
Equity,Brasil,Energia,COPH34.SA
Equity,Brasil,Energia,CSAN3.SA
Equity,Brasil,Energia,D1VN34.SA
Equity,Brasil,Energia,E1CO34.SA
Equity,Brasil,Energia,E1OG34.SA
Equity,Brasil,Energia,E1QN34.SA
Equity,Brasil,Energia,ENAT3.SA
Equity,Brasil,Energia,EXXO34.SA
Equity,Brasil,Energia,GPRK34.SA
Equity,Brasil,Energia,HALI34.SA
Equity,Brasil,Energia,KMIC34.SA
Equity,Brasil,Energia,LUPA3.SA
Equity,Brasil,Energia,M1PC34.SA
Equity,Brasil,Energia,M1RO34.SA
Equity,Brasil,Energia,N1OV34.SA
Equity,Brasil,Energia,O1KE34.SA
Equity,Brasil,Energia,OSXB3.SA
Equity,Brasil,Energia,OXYP34.SA
Equity,Brasil,Energia,P1IO34.SA
Equity,Brasil,Energia,PETR3.SA
Equity,Brasil,Energia,PETR4.SA
Equity,Brasil,Energia,PRIO3.SA
Equity,Brasil,Energia,RECV3.SA
Equity,Brasil,Energia,RIGG34.SA
Equity,Brasil,Energia,RPMG3.SA
Equity,Brasil,Energia,RRRP3.SA
Equity,Brasil,Energia,SLBG34.SA
Equity,Brasil,Energia,T1SS34.SA
Equity,Brasil,Energia,UGPA3.SA
Equity,Brasil,Energia,VLOE34.SA
Equity,Brasil,Energia,Y2PF34.SA
Equity,Brasil,Financeiro,A1EG34.SA
Equity,Brasil,Financeiro,A1FL34.SA
Equity,Brasil,Financeiro,A1LL34.SA
Equity,Brasil,Financeiro,A1MP34.SA
Equity,Brasil,Financeiro,ABCB4.SA
Equity,Brasil,Financeiro,APER3.SA
Equity,Brasil,Financeiro,AXPB34.SA
Equity,Brasil,Financeiro,B1AM34.SA
Equity,Brasil,Financeiro,B1CS34.SA
Equity,Brasil,Financeiro,B1SA34.SA
Equity,Brasil,Financeiro,B3SA3.SA
Equity,Brasil,Financeiro,BAER39.SA
Equity,Brasil,Financeiro,BARI11.SA
Equity,Brasil,Financeiro,BAZA3.SA
Equity,Brasil,Financeiro,BBAS3.SA
Equity,Brasil,Financeiro,BBDC3.SA
Equity,Brasil,Financeiro,BBDC4.SA
Equity,Brasil,Financeiro,BBSE3.SA
Equity,Brasil,Financeiro,BBUG39.SA
Equity,Brasil,Financeiro,BCHI39.SA
Equity,Brasil,Financeiro,BCHQ39.SA
Equity,Brasil,Financeiro,BCPX39.SA
Equity,Brasil,Financeiro,BCSA34.SA
Equity,Brasil,Financeiro,BCWV39.SA
Equity,Brasil,Financeiro,BDRI39.SA
Equity,Brasil,Financeiro,BDVD39.SA
Equity,Brasil,Financeiro,BDVY39.SA
Equity,Brasil,Financeiro,BEEM39.SA
Equity,Brasil,Financeiro,BEES3.SA
Equity,Brasil,Financeiro,BEES4.SA
Equity,Brasil,Financeiro,BEFG39.SA
Equity,Brasil,Financeiro,BEFV39.SA
Equity,Brasil,Financeiro,BEGE39.SA
Equity,Brasil,Financeiro,BEGU39.SA
Equity,Brasil,Financeiro,BEMV39.SA
Equity,Brasil,Financeiro,BERK34.SA
Equity,Brasil,Financeiro,BEWA39.SA
Equity,Brasil,Financeiro,BEWC39.SA
Equity,Brasil,Financeiro,BEWG39.SA
Equity,Brasil,Financeiro,BEWJ39.SA
Equity,Brasil,Financeiro,BEWL39.SA
Equity,Brasil,Financeiro,BEWU39.SA
Equity,Brasil,Financeiro,BEZU39.SA
Equity,Brasil,Financeiro,BFAV39.SA
Equity,Brasil,Financeiro,BFXI39.SA
Equity,Brasil,Financeiro,BGIP3.SA
Equity,Brasil,Financeiro,BGIP4.SA
Equity,Brasil,Financeiro,BGRT39.SA
Equity,Brasil,Financeiro,BGWH39.SA
Equity,Brasil,Financeiro,BHDV39.SA
Equity,Brasil,Financeiro,BHER39.SA
Equity,Brasil,Financeiro,BHEZ39.SA
Equity,Brasil,Financeiro,BIAU39.SA
Equity,Brasil,Financeiro,BIBB39.SA
Equity,Brasil,Financeiro,BICL39.SA
Equity,Brasil,Financeiro,BIDN39.SA
Equity,Brasil,Financeiro,BIEV39.SA
Equity,Brasil,Financeiro,BIFR39.SA
Equity,Brasil,Financeiro,BIGF39.SA
Equity,Brasil,Financeiro,BIHA39.SA
Equity,Brasil,Financeiro,BIHI39.SA
Equity,Brasil,Financeiro,BIJR39.SA
Equity,Brasil,Financeiro,BIJS39.SA
Equity,Brasil,Financeiro,BILB34.SA
Equity,Brasil,Financeiro,BIPC39.SA
Equity,Brasil,Financeiro,BITO39.SA
Equity,Brasil,Financeiro,BIVB39.SA
Equity,Brasil,Financeiro,BIVE39.SA
Equity,Brasil,Financeiro,BIVW39.SA
Equity,Brasil,Financeiro,BIWF39.SA
Equity,Brasil,Financeiro,BIXC39.SA
Equity,Brasil,Financeiro,BIXJ39.SA
Equity,Brasil,Financeiro,BIXN39.SA
Equity,Brasil,Financeiro,BIYC39.SA
Equity,Brasil,Financeiro,BIYE39.SA
Equity,Brasil,Financeiro,BIYF39.SA
Equity,Brasil,Financeiro,BIYF39.SA
Equity,Brasil,Financeiro,BIYG39.SA
Equity,Brasil,Financeiro,BIYW39.SA
Equity,Brasil,Financeiro,BKSA39.SA
Equity,Brasil,Financeiro,BLAK34.SA
Equity,Brasil,Financeiro,BLBT39.SA
Equity,Brasil,Financeiro,BLPA39.SA
Equity,Brasil,Financeiro,BLPX39.SA
Equity,Brasil,Financeiro,BMEB3.SA
Equity,Brasil,Financeiro,BMEB4.SA
Equity,Brasil,Financeiro,BMGB4.SA
Equity,Brasil,Financeiro,BMIN4.SA
Equity,Brasil,Financeiro,BMTU39.SA
Equity,Brasil,Financeiro,BNBR3.SA
Equity,Brasil,Financeiro,BOAC34.SA
Equity,Brasil,Financeiro,BOEF39.SA
Equity,Brasil,Financeiro,BONY34.SA
Equity,Brasil,Financeiro,BOTZ39.SA
Equity,Brasil,Financeiro,BPAC11.SA
Equity,Brasil,Financeiro,BPAC3.SA
Equity,Brasil,Financeiro,BPAC5.SA
Equity,Brasil,Financeiro,BPAN4.SA
Equity,Brasil,Financeiro,BPIC39.SA
Equity,Brasil,Financeiro,BQUA39.SA
Equity,Brasil,Financeiro,BQYL39.SA
Equity,Brasil,Financeiro,BRAP3.SA
Equity,Brasil,Financeiro,BRAP4.SA
Equity,Brasil,Financeiro,BRBI11.SA
Equity,Brasil,Financeiro,BRGE11.SA
Equity,Brasil,Financeiro,BRGE12.SA
Equity,Brasil,Financeiro,BRGE3.SA
Equity,Brasil,Financeiro,BRGE5.SA
Equity,Brasil,Financeiro,BRGE6.SA
Equity,Brasil,Financeiro,BRGE7.SA
Equity,Brasil,Financeiro,BRGE8.SA
Equity,Brasil,Financeiro,BRIV3.SA
Equity,Brasil,Financeiro,BRIV4.SA
Equity,Brasil,Financeiro,BRSR3.SA
Equity,Brasil,Financeiro,BRSR5.SA
Equity,Brasil,Financeiro,BRSR6.SA
Equity,Brasil,Financeiro,BSDV39.SA
Equity,Brasil,Financeiro,BSIL39.SA
Equity,Brasil,Financeiro,BSIZ39.SA
Equity,Brasil,Financeiro,BSLI3.SA
Equity,Brasil,Financeiro,BSLI4.SA
Equity,Brasil,Financeiro,BSUS39.SA
Equity,Brasil,Financeiro,BTCI11.SA
Equity,Brasil,Financeiro,BURA39.SA
Equity,Brasil,Financeiro,BURT39.SA
Equity,Brasil,Financeiro,BUSM39.SA
Equity,Brasil,Financeiro,BUSR39.SA
Equity,Brasil,Financeiro,BUTL39.SA
Equity,Brasil,Financeiro,BVEG39.SA
Equity,Brasil,Financeiro,BVLU39.SA
Equity,Brasil,Financeiro,BXTC39.SA
Equity,Brasil,Financeiro,C1BL34.SA
Equity,Brasil,Financeiro,C1FG34.SA
Equity,Brasil,Financeiro,C2OI34.SA
Equity,Brasil,Financeiro,CAON34.SA
Equity,Brasil,Financeiro,CHME34.SA
Equity,Brasil,Financeiro,CRIV3.SA
Equity,Brasil,Financeiro,CRIV4.SA
Equity,Brasil,Financeiro,CTGP34.SA
Equity,Brasil,Financeiro,CXSE3.SA
Equity,Brasil,Financeiro,DBAG34.SA
Equity,Brasil,Financeiro,F1RA34.SA
Equity,Brasil,Financeiro,FNOR11.SA
Equity,Brasil,Financeiro,G2DI33.SA
Equity,Brasil,Financeiro,GPIV33.SA
Equity,Brasil,Financeiro,GSFI11.SA
Equity,Brasil,Financeiro,GSGI34.SA
Equity,Brasil,Financeiro,H1BA34.SA
Equity,Brasil,Financeiro,H1DB34.SA
Equity,Brasil,Financeiro,H1SB34.SA
Equity,Brasil,Financeiro,HABT11.SA
Equity,Brasil,Financeiro,HAPV3.SA
Equity,Brasil,Financeiro,HCTR11.SA
Equity,Brasil,Financeiro,HSML11.SA
Equity,Brasil,Financeiro,I1VZ34.SA
Equity,Brasil,Financeiro,IDGR11.SA
Equity,Brasil,Financeiro,INBR32.SA
Equity,Brasil,Financeiro,INGG34.SA
Equity,Brasil,Financeiro,IRBR3.SA
Equity,Brasil,Financeiro,ITUB3.SA
Equity,Brasil,Financeiro,ITUB4.SA
Equity,Brasil,Financeiro,JPMC34.SA
Equity,Brasil,Financeiro,K1BF34.SA
Equity,Brasil,Financeiro,K1EY34.SA
Equity,Brasil,Financeiro,KFOF11.SA
Equity,Brasil,Financeiro,KNHF11.SA
Equity,Brasil,Financeiro,KNHY11.SA
Equity,Brasil,Financeiro,L1YG34.SA
Equity,Brasil,Financeiro,M1KT34.SA
Equity,Brasil,Financeiro,M1MC34.SA
Equity,Brasil,Financeiro,M1SC34.SA
Equity,Brasil,Financeiro,M1UF34.SA
Equity,Brasil,Financeiro,MAPT3.SA
Equity,Brasil,Financeiro,MAPT4.SA
Equity,Brasil,Financeiro,MCOR34.SA
Equity,Brasil,Financeiro,MERC4.SA
Equity,Brasil,Financeiro,MSBR34.SA
Equity,Brasil,Financeiro,MSCD34.SA
Equity,Brasil,Financeiro,N1DA34.SA
Equity,Brasil,Financeiro,N1TR34.SA
Equity,Brasil,Financeiro,N1WG34.SA
Equity,Brasil,Financeiro,NAVT11.SA
Equity,Brasil,Financeiro,NMRH34.SA
Equity,Brasil,Financeiro,NORD3.SA
Equity,Brasil,Financeiro,OCRE11.SA
Equity,Brasil,Financeiro,OUFF11.SA
Equity,Brasil,Financeiro,P1DT34.SA
Equity,Brasil,Financeiro,P1GR34.SA
Equity,Brasil,Financeiro,P1UK34.SA
Equity,Brasil,Financeiro,PATC11.SA
Equity,Brasil,Financeiro,PEAB4.SA
Equity,Brasil,Financeiro,PINE3.SA
Equity,Brasil,Financeiro,PINE4.SA
Equity,Brasil,Financeiro,PMFO11.SA
Equity,Brasil,Financeiro,PPLA11.SA
Equity,Brasil,Financeiro,PSSA3.SA
Equity,Brasil,Financeiro,PYPL34.SA
Equity,Brasil,Financeiro,QAGR11.SA
Equity,Brasil,Financeiro,R1JF34.SA
Equity,Brasil,Financeiro,RBED11.SA
Equity,Brasil,Financeiro,RBRL11.SA
Equity,Brasil,Financeiro,RBRP11.SA
Equity,Brasil,Financeiro,RBRR11.SA
Equity,Brasil,Financeiro,RBRY11.SA
Equity,Brasil,Financeiro,RBTS11.SA
Equity,Brasil,Financeiro,RBVA11.SA
Equity,Brasil,Financeiro,RECT11.SA
Equity,Brasil,Financeiro,RINV11.SA
Equity,Brasil,Financeiro,ROXO34.SA
Equity,Brasil,Financeiro,S1MF34.SA
Equity,Brasil,Financeiro,SANB11.SA
Equity,Brasil,Financeiro,SANB3.SA
Equity,Brasil,Financeiro,SANB4.SA
Equity,Brasil,Financeiro,SAPI11.SA
Equity,Brasil,Financeiro,SCHW34.SA
Equity,Brasil,Financeiro,SPGI34.SA
Equity,Brasil,Financeiro,SPXS11.SA
Equity,Brasil,Financeiro,T1RO34.SA
Equity,Brasil,Financeiro,TRVC34.SA
Equity,Brasil,Financeiro,UBSG34.SA
Equity,Brasil,Financeiro,USBC34.SA
Equity,Brasil,Financeiro,VILG11.SA
Equity,Brasil,Financeiro,VISA34.SA
Equity,Brasil,Financeiro,VLYB34.SA
Equity,Brasil,Financeiro,W1LT34.SA
Equity,Brasil,Financeiro,WFCO34.SA
Equity,Brasil,Financeiro,WIZC3.SA
Equity,Brasil,Financeiro,XPBR31.SA
Equity,Brasil,Imobiliário,A1IV34.SA
Equity,Brasil,Imobiliário,A1RE34.SA
Equity,Brasil,Imobiliário,A1VB34.SA
Equity,Brasil,Imobiliário,ABCP11.SA
Equity,Brasil,Imobiliário,AFHI11.SA
Equity,Brasil,Imobiliário,AIEC11.SA
Equity,Brasil,Imobiliário,AJFI11.SA
Equity,Brasil,Imobiliário,ALOS3.SA
Equity,Brasil,Imobiliário,ALZM11.SA
Equity,Brasil,Imobiliário,ALZR11.SA
Equity,Brasil,Imobiliário,APTO11.SA
Equity,Brasil,Imobiliário,APXM11.SA
Equity,Brasil,Imobiliário,AROA11.SA
Equity,Brasil,Imobiliário,ARRI11.SA
Equity,Brasil,Imobiliário,ARXD11.SA
Equity,Brasil,Imobiliário,ASMT11.SA
Equity,Brasil,Imobiliário,AURB11.SA
Equity,Brasil,Imobiliário,AVLL3.SA
Equity,Brasil,Imobiliário,BBFI11B.SA
Equity,Brasil,Imobiliário,BBFO11.SA
Equity,Brasil,Imobiliário,BBRC11.SA
Equity,Brasil,Imobiliário,BCIA11.SA
Equity,Brasil,Imobiliário,BCRI11.SA
Equity,Brasil,Imobiliário,BICR11.SA
Equity,Brasil,Imobiliário,BIME11.SA
Equity,Brasil,Imobiliário,BLCA11.SA
Equity,Brasil,Imobiliário,BLMG11.SA
Equity,Brasil,Imobiliário,BLMO11.SA
Equity,Brasil,Imobiliário,BMLC11.SA
Equity,Brasil,Imobiliário,BNFS11.SA
Equity,Brasil,Imobiliário,BOXP34.SA
Equity,Brasil,Imobiliário,BPFF11.SA
Equity,Brasil,Imobiliário,BPML11.SA
Equity,Brasil,Imobiliário,BPRP11.SA
Equity,Brasil,Imobiliário,BRCO11.SA
Equity,Brasil,Imobiliário,BRCR11.SA
Equity,Brasil,Imobiliário,BRIM11.SA
Equity,Brasil,Imobiliário,BRIP11.SA
Equity,Brasil,Imobiliário,BROF11.SA
Equity,Brasil,Imobiliário,BTAL11.SA
Equity,Brasil,Imobiliário,BTLG11.SA
Equity,Brasil,Imobiliário,BTRA11.SA
Equity,Brasil,Imobiliário,BVAR11.SA
Equity,Brasil,Imobiliário,BZLI11.SA
Equity,Brasil,Imobiliário,C1CI34.SA
Equity,Brasil,Imobiliário,C1GP34.SA
Equity,Brasil,Imobiliário,C2PT34.SA
Equity,Brasil,Imobiliário,CACR11.SA
Equity,Brasil,Imobiliário,CARE11.SA
Equity,Brasil,Imobiliário,CBOP11.SA
Equity,Brasil,Imobiliário,CCME11.SA
Equity,Brasil,Imobiliário,CEOC11.SA
Equity,Brasil,Imobiliário,CJCT11.SA
Equity,Brasil,Imobiliário,CLIN11.SA
Equity,Brasil,Imobiliário,CPFF11.SA
Equity,Brasil,Imobiliário,CPSH11.SA
Equity,Brasil,Imobiliário,CRFF11.SA
Equity,Brasil,Imobiliário,CTXT11.SA
Equity,Brasil,Imobiliário,CURY3.SA
Equity,Brasil,Imobiliário,CVBI11.SA
Equity,Brasil,Imobiliário,CXAG11.SA
Equity,Brasil,Imobiliário,CXCE11B.SA
Equity,Brasil,Imobiliário,CXCI11.SA
Equity,Brasil,Imobiliário,CXCO11.SA
Equity,Brasil,Imobiliário,CXRI11.SA
Equity,Brasil,Imobiliário,CXTL11.SA
Equity,Brasil,Imobiliário,D1LR34.SA
Equity,Brasil,Imobiliário,DAMT11B.SA
Equity,Brasil,Imobiliário,DEVA11.SA
Equity,Brasil,Imobiliário,DIRR3.SA
Equity,Brasil,Imobiliário,DPRO11.SA
Equity,Brasil,Imobiliário,DVFF11.SA
Equity,Brasil,Imobiliário,E1QR34.SA
Equity,Brasil,Imobiliário,E1SS34.SA
Equity,Brasil,Imobiliário,E1XR34.SA
Equity,Brasil,Imobiliário,EGYR11.SA
Equity,Brasil,Imobiliário,EQIR11.SA
Equity,Brasil,Imobiliário,EQIX34.SA
Equity,Brasil,Imobiliário,EURO11.SA
Equity,Brasil,Imobiliário,EVBI11.SA
Equity,Brasil,Imobiliário,EVEN3.SA
Equity,Brasil,Imobiliário,EZTC3.SA
Equity,Brasil,Imobiliário,FAED11.SA
Equity,Brasil,Imobiliário,FAMB11B.SA
Equity,Brasil,Imobiliário,FATN11.SA
Equity,Brasil,Imobiliário,FCFL11.SA
Equity,Brasil,Imobiliário,FIGS11.SA
Equity,Brasil,Imobiliário,FIIB11.SA
Equity,Brasil,Imobiliário,FIIP11B.SA
Equity,Brasil,Imobiliário,FISC11.SA
Equity,Brasil,Imobiliário,FIVN11.SA
Equity,Brasil,Imobiliário,FLCR11.SA
Equity,Brasil,Imobiliário,FLMA11.SA
Equity,Brasil,Imobiliário,FMOF11.SA
Equity,Brasil,Imobiliário,FPAB11.SA
Equity,Brasil,Imobiliário,FVPQ11.SA
Equity,Brasil,Imobiliário,GAME11.SA
Equity,Brasil,Imobiliário,GARE11.SA
Equity,Brasil,Imobiliário,GCRI11.SA
Equity,Brasil,Imobiliário,GGRC11.SA
Equity,Brasil,Imobiliário,GLOG11.SA
Equity,Brasil,Imobiliário,GSHP3.SA
Equity,Brasil,Imobiliário,GTWR11.SA
Equity,Brasil,Imobiliário,GZIT11.SA
Equity,Brasil,Imobiliário,H1ST34.SA
Equity,Brasil,Imobiliário,HAAA11.SA
Equity,Brasil,Imobiliário,HBCR11.SA
Equity,Brasil,Imobiliário,HBOR3.SA
Equity,Brasil,Imobiliário,HBRE3.SA
Equity,Brasil,Imobiliário,HBTS5.SA
Equity,Brasil,Imobiliário,HCHG11.SA
Equity,Brasil,Imobiliário,HCST11.SA
Equity,Brasil,Imobiliário,HFOF11.SA
Equity,Brasil,Imobiliário,HGBS11.SA
Equity,Brasil,Imobiliário,HGCR11.SA
Equity,Brasil,Imobiliário,HGFF11.SA
Equity,Brasil,Imobiliário,HGIC11.SA
Equity,Brasil,Imobiliário,HGLG11.SA
Equity,Brasil,Imobiliário,HGPO11.SA
Equity,Brasil,Imobiliário,HGRE11.SA
Equity,Brasil,Imobiliário,HGRU11.SA
Equity,Brasil,Imobiliário,HLOG11.SA
Equity,Brasil,Imobiliário,HOFC11.SA
Equity,Brasil,Imobiliário,HOSI11.SA
Equity,Brasil,Imobiliário,HPDP11.SA
Equity,Brasil,Imobiliário,HRDF11.SA
Equity,Brasil,Imobiliário,HREC11.SA
Equity,Brasil,Imobiliário,HSAF11.SA
Equity,Brasil,Imobiliário,HSLG11.SA
Equity,Brasil,Imobiliário,HSRE11.SA
Equity,Brasil,Imobiliário,HUCG11.SA
Equity,Brasil,Imobiliário,HUSC11.SA
Equity,Brasil,Imobiliário,HUSI11.SA
Equity,Brasil,Imobiliário,I1RM34.SA
Equity,Brasil,Imobiliário,IBCR11.SA
Equity,Brasil,Imobiliário,ICRI11.SA
Equity,Brasil,Imobiliário,IGTI11.SA
Equity,Brasil,Imobiliário,IGTI3.SA
Equity,Brasil,Imobiliário,IGTI4.SA
Equity,Brasil,Imobiliário,IRDM11.SA
Equity,Brasil,Imobiliário,IRIM11.SA
Equity,Brasil,Imobiliário,ITIP11.SA
Equity,Brasil,Imobiliário,ITIT11.SA
Equity,Brasil,Imobiliário,JCCJ11.SA
Equity,Brasil,Imobiliário,JFEN3.SA
Equity,Brasil,Imobiliário,JFLL11.SA
Equity,Brasil,Imobiliário,JHSF3.SA
Equity,Brasil,Imobiliário,JPPA11.SA
Equity,Brasil,Imobiliário,JSAF11.SA
Equity,Brasil,Imobiliário,JSRE11.SA
Equity,Brasil,Imobiliário,K1IM34.SA
Equity,Brasil,Imobiliário,KCRE11.SA
Equity,Brasil,Imobiliário,KISU11.SA
Equity,Brasil,Imobiliário,KIVO11.SA
Equity,Brasil,Imobiliário,KNCR11.SA
Equity,Brasil,Imobiliário,KNIP11.SA
Equity,Brasil,Imobiliário,KNRE11.SA
Equity,Brasil,Imobiliário,KNRI11.SA
Equity,Brasil,Imobiliário,KNSC11.SA
Equity,Brasil,Imobiliário,KNUQ11.SA
Equity,Brasil,Imobiliário,KORE11.SA
Equity,Brasil,Imobiliário,LASC11.SA
Equity,Brasil,Imobiliário,LAVV3.SA
Equity,Brasil,Imobiliário,LFTT11.SA
Equity,Brasil,Imobiliário,LGCP11.SA
Equity,Brasil,Imobiliário,LIFE11.SA
Equity,Brasil,Imobiliário,LOGG3.SA
Equity,Brasil,Imobiliário,LPSB3.SA
Equity,Brasil,Imobiliário,LUGG11.SA
Equity,Brasil,Imobiliário,LVBI11.SA
Equity,Brasil,Imobiliário,M1AA34.SA
Equity,Brasil,Imobiliário,M2PW34.SA
Equity,Brasil,Imobiliário,MALL11.SA
Equity,Brasil,Imobiliário,MANA11.SA
Equity,Brasil,Imobiliário,MCCI11.SA
Equity,Brasil,Imobiliário,MCEM11.SA
Equity,Brasil,Imobiliário,MDNE3.SA
Equity,Brasil,Imobiliário,MELK3.SA
Equity,Brasil,Imobiliário,MFAI11.SA
Equity,Brasil,Imobiliário,MFCR11.SA
Equity,Brasil,Imobiliário,MFII11.SA
Equity,Brasil,Imobiliário,MGHT11.SA
Equity,Brasil,Imobiliário,MINT11.SA
Equity,Brasil,Imobiliário,MMVE11.SA
Equity,Brasil,Imobiliário,MTRE3.SA
Equity,Brasil,Imobiliário,MULT3.SA
Equity,Brasil,Imobiliário,MXRF11.SA
Equity,Brasil,Imobiliário,NCHB11.SA
Equity,Brasil,Imobiliário,NCRI11.SA
Equity,Brasil,Imobiliário,NEWL11.SA
Equity,Brasil,Imobiliário,NEWU11.SA
Equity,Brasil,Imobiliário,NEXP3.SA
Equity,Brasil,Imobiliário,NVHO11.SA
Equity,Brasil,Imobiliário,OUJP11.SA
Equity,Brasil,Imobiliário,OURE11.SA
Equity,Brasil,Imobiliário,P1EA34.SA
Equity,Brasil,Imobiliário,P1LD34.SA
Equity,Brasil,Imobiliário,P1SA34.SA
Equity,Brasil,Imobiliário,PABY11.SA
Equity,Brasil,Imobiliário,PATL11.SA
Equity,Brasil,Imobiliário,PDGR3.SA
Equity,Brasil,Imobiliário,PEMA11.SA
Equity,Brasil,Imobiliário,PLCR11.SA
Equity,Brasil,Imobiliário,PLPL3.SA
Equity,Brasil,Imobiliário,PLRI11.SA
Equity,Brasil,Imobiliário,PMIS11.SA
Equity,Brasil,Imobiliário,PNDL11.SA
Equity,Brasil,Imobiliário,PORD11.SA
Equity,Brasil,Imobiliário,PQAG11.SA
Equity,Brasil,Imobiliário,PQDP11.SA
Equity,Brasil,Imobiliário,PRSV11.SA
Equity,Brasil,Imobiliário,PVBI11.SA
Equity,Brasil,Imobiliário,R1EG34.SA
Equity,Brasil,Imobiliário,R1IN34.SA
Equity,Brasil,Imobiliário,R2DF34.SA
Equity,Brasil,Imobiliário,RBDS11.SA
Equity,Brasil,Imobiliário,RBFF11.SA
Equity,Brasil,Imobiliário,RBHG11.SA
Equity,Brasil,Imobiliário,RBHY11.SA
Equity,Brasil,Imobiliário,RBIR11.SA
Equity,Brasil,Imobiliário,RBLG11.SA
Equity,Brasil,Imobiliário,RBOP11.SA
Equity,Brasil,Imobiliário,RBRD11.SA
Equity,Brasil,Imobiliário,RBRF11.SA
Equity,Brasil,Imobiliário,RBRI11.SA
Equity,Brasil,Imobiliário,RBRS11.SA
Equity,Brasil,Imobiliário,RBRX11.SA
Equity,Brasil,Imobiliário,RBVO11.SA
Equity,Brasil,Imobiliário,RCFA11.SA
Equity,Brasil,Imobiliário,RCFF11.SA
Equity,Brasil,Imobiliário,RCRB11.SA
Equity,Brasil,Imobiliário,RDNI3.SA
Equity,Brasil,Imobiliário,RECR11.SA
Equity,Brasil,Imobiliário,RECX11.SA
Equity,Brasil,Imobiliário,RELG11.SA
Equity,Brasil,Imobiliário,RFOF11.SA
Equity,Brasil,Imobiliário,RMAI11.SA
Equity,Brasil,Imobiliário,RNDP11.SA
Equity,Brasil,Imobiliário,RNGO11.SA
Equity,Brasil,Imobiliário,RPRI11.SA
Equity,Brasil,Imobiliário,RRCI11.SA
Equity,Brasil,Imobiliário,RSPD11.SA
Equity,Brasil,Imobiliário,RVBI11.SA
Equity,Brasil,Imobiliário,RZAK11.SA
Equity,Brasil,Imobiliário,RZTR11.SA
Equity,Brasil,Imobiliário,S1BA34.SA
Equity,Brasil,Imobiliário,S1LG34.SA
Equity,Brasil,Imobiliário,S2TA34.SA
Equity,Brasil,Imobiliário,S2UI34.SA
Equity,Brasil,Imobiliário,SADI11.SA
Equity,Brasil,Imobiliário,SARE11.SA
Equity,Brasil,Imobiliário,SCAR3.SA
Equity,Brasil,Imobiliário,SCPF11.SA
Equity,Brasil,Imobiliário,SEQR11.SA
Equity,Brasil,Imobiliário,SHPH11.SA
Equity,Brasil,Imobiliário,SIMN34.SA
Equity,Brasil,Imobiliário,SJAU11.SA
Equity,Brasil,Imobiliário,SNEL11.SA
Equity,Brasil,Imobiliário,SNFF11.SA
Equity,Brasil,Imobiliário,SNLG11.SA
Equity,Brasil,Imobiliário,SNME11.SA
Equity,Brasil,Imobiliário,SPTW11.SA
Equity,Brasil,Imobiliário,SYNE3.SA
Equity,Brasil,Imobiliário,T1OW34.SA
Equity,Brasil,Imobiliário,TCSA3.SA
Equity,Brasil,Imobiliário,TEND3.SA
Equity,Brasil,Imobiliário,TEPP11.SA
Equity,Brasil,Imobiliário,TMPS11.SA
Equity,Brasil,Imobiliário,TORD11.SA
Equity,Brasil,Imobiliário,TRBL11.SA
Equity,Brasil,Imobiliário,TRIS3.SA
Equity,Brasil,Imobiliário,TRXB11.SA
Equity,Brasil,Imobiliário,TRXF11.SA
Equity,Brasil,Imobiliário,TSER11.SA
Equity,Brasil,Imobiliário,TVRI11.SA
Equity,Brasil,Imobiliário,URPR11.SA
Equity,Brasil,Imobiliário,V1NO34.SA
Equity,Brasil,Imobiliário,VCJR11.SA
Equity,Brasil,Imobiliário,VCRI11.SA
Equity,Brasil,Imobiliário,VCRR11.SA
Equity,Brasil,Imobiliário,VGHF11.SA
Equity,Brasil,Imobiliário,VGIP11.SA
Equity,Brasil,Imobiliário,VGIR11.SA
Equity,Brasil,Imobiliário,VIFI11.SA
Equity,Brasil,Imobiliário,VINO11.SA
Equity,Brasil,Imobiliário,VISC11.SA
Equity,Brasil,Imobiliário,VIUR11.SA
Equity,Brasil,Imobiliário,VIVR3.SA
Equity,Brasil,Imobiliário,VOTS11.SA
Equity,Brasil,Imobiliário,VRTA11.SA
Equity,Brasil,Imobiliário,VRTM11.SA
Equity,Brasil,Imobiliário,VSHO11.SA
Equity,Brasil,Imobiliário,VSLH11.SA
Equity,Brasil,Imobiliário,VTLT11.SA
Equity,Brasil,Imobiliário,VVCO11.SA
Equity,Brasil,Imobiliário,VVCR11.SA
Equity,Brasil,Imobiliário,VVMR11.SA
Equity,Brasil,Imobiliário,VVRI11.SA
Equity,Brasil,Imobiliário,W1EL34.SA
Equity,Brasil,Imobiliário,WHGR11.SA
Equity,Brasil,Imobiliário,WSEC11.SA
Equity,Brasil,Imobiliário,XPCI11.SA
Equity,Brasil,Imobiliário,XPCM11.SA
Equity,Brasil,Imobiliário,XPIN11.SA
Equity,Brasil,Imobiliário,XPLG11.SA
Equity,Brasil,Imobiliário,XPML11.SA
Equity,Brasil,Imobiliário,XPPR11.SA
Equity,Brasil,Imobiliário,XPSF11.SA
Equity,Brasil,Imobiliário,YUFI11.SA
Equity,Brasil,Imobiliário,ZAVI11.SA
Equity,Brasil,Imobiliário,ZIFI11.SA
Equity,Brasil,Indústria,A1LK34.SA
Equity,Brasil,Indústria,A1ME34.SA
Equity,Brasil,Indústria,AALL34.SA
Equity,Brasil,Indústria,ADPR34.SA
Equity,Brasil,Indústria,AERI3.SA
Equity,Brasil,Indústria,ALPK3.SA
Equity,Brasil,Indústria,AMBP3.SA
Equity,Brasil,Indústria,ARML3.SA
Equity,Brasil,Indústria,ARNC34.SA
Equity,Brasil,Indústria,ATMP3.SA
Equity,Brasil,Indústria,AZEV3.SA
Equity,Brasil,Indústria,AZEV4.SA
Equity,Brasil,Indústria,AZUL4.SA
Equity,Brasil,Indústria,BOEI34.SA
Equity,Brasil,Indústria,C1HR34.SA
Equity,Brasil,Indústria,C1PR34.SA
Equity,Brasil,Indústria,C1RR34.SA
Equity,Brasil,Indústria,CALI3.SA
Equity,Brasil,Indústria,CATP34.SA
Equity,Brasil,Indústria,CCRO3.SA
Equity,Brasil,Indústria,CNIC34.SA
Equity,Brasil,Indústria,CPRL34.SA
Equity,Brasil,Indústria,CSXC34.SA
Equity,Brasil,Indústria,DEAI34.SA
Equity,Brasil,Indústria,DEEC34.SA
Equity,Brasil,Indústria,E1MR34.SA
Equity,Brasil,Indústria,E1TN34.SA
Equity,Brasil,Indústria,EALT3.SA
Equity,Brasil,Indústria,EALT4.SA
Equity,Brasil,Indústria,ECOR3.SA
Equity,Brasil,Indústria,EMBR3.SA
Equity,Brasil,Indústria,ETER3.SA
Equity,Brasil,Indústria,EUCA3.SA
Equity,Brasil,Indústria,EUCA4.SA
Equity,Brasil,Indústria,FDXB34.SA
Equity,Brasil,Indústria,G1WW34.SA
Equity,Brasil,Indústria,GDBR34.SA
Equity,Brasil,Indústria,GEOO34.SA
Equity,Brasil,Indústria,GGPS3.SA
Equity,Brasil,Indústria,GOLL4.SA
Equity,Brasil,Indústria,H1II34.SA
Equity,Brasil,Indústria,HAGA3.SA
Equity,Brasil,Indústria,HAGA4.SA
Equity,Brasil,Indústria,HBSA3.SA
Equity,Brasil,Indústria,HONB34.SA
Equity,Brasil,Indústria,I1EX34.SA
Equity,Brasil,Indústria,I1TW34.SA
Equity,Brasil,Indústria,IFCM3.SA
Equity,Brasil,Indústria,INEP3.SA
Equity,Brasil,Indústria,INEP4.SA
Equity,Brasil,Indústria,ITSA3.SA
Equity,Brasil,Indústria,ITSA4.SA
Equity,Brasil,Indústria,J1EG34.SA
Equity,Brasil,Indústria,JSLG3.SA
Equity,Brasil,Indústria,KEPL3.SA
Equity,Brasil,Indústria,LMTB34.SA
Equity,Brasil,Indústria,LOGN3.SA
Equity,Brasil,Indústria,LUXM4.SA
Equity,Brasil,Indústria,MILS3.SA
Equity,Brasil,Indústria,MMMC34.SA
Equity,Brasil,Indústria,MOAR3.SA
Equity,Brasil,Indústria,MOVI3.SA
Equity,Brasil,Indústria,MRSA3B.SA
Equity,Brasil,Indústria,MRSA6B.SA
Equity,Brasil,Indústria,MTSA4.SA
Equity,Brasil,Indústria,NOCG34.SA
Equity,Brasil,Indústria,O1DF34.SA
Equity,Brasil,Indústria,O1TI34.SA
Equity,Brasil,Indústria,OPCT3.SA
Equity,Brasil,Indústria,ORVR3.SA
Equity,Brasil,Indústria,P1AY34.SA
Equity,Brasil,Indústria,POMO3.SA
Equity,Brasil,Indústria,POMO4.SA
Equity,Brasil,Indústria,PORT3.SA
Equity,Brasil,Indústria,PRNR3.SA
Equity,Brasil,Indústria,PSVM11.SA
Equity,Brasil,Indústria,PTBL3.SA
Equity,Brasil,Indústria,R1OK34.SA
Equity,Brasil,Indústria,RAIL3.SA
Equity,Brasil,Indústria,RAPT3.SA
Equity,Brasil,Indústria,RAPT4.SA
Equity,Brasil,Indústria,RCSL3.SA
Equity,Brasil,Indústria,RCSL4.SA
Equity,Brasil,Indústria,RENT3.SA
Equity,Brasil,Indústria,ROMI3.SA
Equity,Brasil,Indústria,RPAD3.SA
Equity,Brasil,Indústria,RPAD5.SA
Equity,Brasil,Indústria,RPAD6.SA
Equity,Brasil,Indústria,RYTT34.SA
Equity,Brasil,Indústria,S1NA34.SA
Equity,Brasil,Indústria,S1WK34.SA
Equity,Brasil,Indústria,SEQL3.SA
Equity,Brasil,Indústria,SIMH3.SA
Equity,Brasil,Indústria,SNCI11.SA
Equity,Brasil,Indústria,STBP3.SA
Equity,Brasil,Indústria,T1DG34.SA
Equity,Brasil,Indústria,TASA3.SA
Equity,Brasil,Indústria,TASA4.SA
Equity,Brasil,Indústria,TGMA3.SA
Equity,Brasil,Indústria,TPIS3.SA
Equity,Brasil,Indústria,TUPY3.SA
Equity,Brasil,Indústria,U1AL34.SA
Equity,Brasil,Indústria,U1RI34.SA
Equity,Brasil,Indústria,U2PW34.SA
Equity,Brasil,Indústria,UPAC34.SA
Equity,Brasil,Indústria,UPSS34.SA
Equity,Brasil,Indústria,V1RS34.SA
Equity,Brasil,Indústria,VAMO3.SA
Equity,Brasil,Indústria,VLID3.SA
Equity,Brasil,Indústria,W1AB34.SA
Equity,Brasil,Indústria,W1MC34.SA
Equity,Brasil,Indústria,W1SO34.SA
Equity,Brasil,Indústria,WEGE3.SA
Equity,Brasil,Indústria,Z1TO34.SA
Equity,Brasil,Matéria Prima,A1LB34.SA
Equity,Brasil,Matéria Prima,A1PD34.SA
Equity,Brasil,Matéria Prima,AGXY3.SA
Equity,Brasil,Matéria Prima,ARMT34.SA
Equity,Brasil,Matéria Prima,AURA33.SA
Equity,Brasil,Matéria Prima,BRKM3.SA
Equity,Brasil,Matéria Prima,BRKM5.SA
Equity,Brasil,Matéria Prima,BRKM6.SA
Equity,Brasil,Matéria Prima,C1NS34.SA
Equity,Brasil,Matéria Prima,C1TV34.SA
Equity,Brasil,Matéria Prima,CBAV3.SA
Equity,Brasil,Matéria Prima,CMIN3.SA
Equity,Brasil,Matéria Prima,CRPG5.SA
Equity,Brasil,Matéria Prima,CRPG6.SA
Equity,Brasil,Matéria Prima,CSNA3.SA
Equity,Brasil,Matéria Prima,D1OW34.SA
Equity,Brasil,Matéria Prima,DDNB34.SA
Equity,Brasil,Matéria Prima,DEXP3.SA
Equity,Brasil,Matéria Prima,DEXP4.SA
Equity,Brasil,Matéria Prima,DXCO3.SA
Equity,Brasil,Matéria Prima,E1CL34.SA
Equity,Brasil,Matéria Prima,E1MN34.SA
Equity,Brasil,Matéria Prima,EPAR3.SA
Equity,Brasil,Matéria Prima,F1MC34.SA
Equity,Brasil,Matéria Prima,F2NV34.SA
Equity,Brasil,Matéria Prima,FCXO34.SA
Equity,Brasil,Matéria Prima,FESA3.SA
Equity,Brasil,Matéria Prima,FESA4.SA
Equity,Brasil,Matéria Prima,FHER3.SA
Equity,Brasil,Matéria Prima,G1FI34.SA
Equity,Brasil,Matéria Prima,GGBR3.SA
Equity,Brasil,Matéria Prima,GGBR4.SA
Equity,Brasil,Matéria Prima,GOAU3.SA
Equity,Brasil,Matéria Prima,GOAU4.SA
Equity,Brasil,Matéria Prima,I1FF34.SA
Equity,Brasil,Matéria Prima,KLBN11.SA
Equity,Brasil,Matéria Prima,KLBN3.SA
Equity,Brasil,Matéria Prima,KLBN4.SA
Equity,Brasil,Matéria Prima,L1YB34.SA
Equity,Brasil,Matéria Prima,MGEL4.SA
Equity,Brasil,Matéria Prima,MOSC34.SA
Equity,Brasil,Matéria Prima,MSPA3.SA
Equity,Brasil,Matéria Prima,MSPA4.SA
Equity,Brasil,Matéria Prima,N1EM34.SA
Equity,Brasil,Matéria Prima,N1UE34.SA
Equity,Brasil,Matéria Prima,NUTR3.SA
Equity,Brasil,Matéria Prima,P1KX34.SA
Equity,Brasil,Matéria Prima,P1PG34.SA
Equity,Brasil,Matéria Prima,PATI3.SA
Equity,Brasil,Matéria Prima,PMAM3.SA
Equity,Brasil,Matéria Prima,RIOT34.SA
Equity,Brasil,Matéria Prima,S1BS34.SA
Equity,Brasil,Matéria Prima,S1HW34.SA
Equity,Brasil,Matéria Prima,S2GM34.SA
Equity,Brasil,Matéria Prima,SMTO3.SA
Equity,Brasil,Matéria Prima,SOJA3.SA
Equity,Brasil,Matéria Prima,SUZB3.SA
Equity,Brasil,Matéria Prima,TTEN3.SA
Equity,Brasil,Matéria Prima,TXSA34.SA
Equity,Brasil,Matéria Prima,UNIP3.SA
Equity,Brasil,Matéria Prima,UNIP5.SA
Equity,Brasil,Matéria Prima,UNIP6.SA
Equity,Brasil,Matéria Prima,USIM3.SA
Equity,Brasil,Matéria Prima,USIM5.SA
Equity,Brasil,Matéria Prima,USIM6.SA
Equity,Brasil,Matéria Prima,USSX34.SA
Equity,Brasil,Matéria Prima,V1MC34.SA
Equity,Brasil,Matéria Prima,VALE3.SA
Equity,Brasil,Matéria Prima,VITT3.SA
Equity,Brasil,Outros,A1DM34.SA
Equity,Brasil,Outros,A2FY34.SA
Equity,Brasil,Outros,ABEV3.SA
Equity,Brasil,Outros,AGRO3.SA
Equity,Brasil,Outros,ANIM3.SA
Equity,Brasil,Outros,ASAI3.SA
Equity,Brasil,Outros,B1TI34.SA
Equity,Brasil,Outros,B2YN34.SA
Equity,Brasil,Outros,BAHI3.SA
Equity,Brasil,Outros,BAUH4.SA
Equity,Brasil,Outros,BEEF3.SA
Equity,Brasil,Outros,BOBR4.SA
Equity,Brasil,Outros,BRFS3.SA
Equity,Brasil,Outros,C1AG34.SA
Equity,Brasil,Outros,CAML3.SA
Equity,Brasil,Outros,CLXC34.SA
Equity,Brasil,Outros,COCA34.SA
Equity,Brasil,Outros,COGN3.SA
Equity,Brasil,Outros,COLG34.SA
Equity,Brasil,Outros,COTY34.SA
Equity,Brasil,Outros,COWC34.SA
Equity,Brasil,Outros,CRFB3.SA
Equity,Brasil,Outros,CSED3.SA
Equity,Brasil,Outros,D2AR34.SA
Equity,Brasil,Outros,DEOP34.SA
Equity,Brasil,Outros,DGCO34.SA
Equity,Brasil,Outros,E1DU34.SA
Equity,Brasil,Outros,ELCI34.SA
Equity,Brasil,Outros,FMXB34.SA
Equity,Brasil,Outros,FRTA3.SA
Equity,Brasil,Outros,H1RL34.SA
Equity,Brasil,Outros,HETA4.SA
Equity,Brasil,Outros,HSHY34.SA
Equity,Brasil,Outros,JALL3.SA
Equity,Brasil,Outros,JBSS3.SA
Equity,Brasil,Outros,JOPA3.SA
Equity,Brasil,Outros,K1EL34.SA
Equity,Brasil,Outros,K1RC34.SA
Equity,Brasil,Outros,KHCB34.SA
Equity,Brasil,Outros,KMBB34.SA
Equity,Brasil,Outros,LAND3.SA
Equity,Brasil,Outros,M1CB34.SA
Equity,Brasil,Outros,M1NS34.SA
Equity,Brasil,Outros,MDIA3.SA
Equity,Brasil,Outros,MDLZ34.SA
Equity,Brasil,Outros,MNDL3.SA
Equity,Brasil,Outros,MNPR3.SA
Equity,Brasil,Outros,MOOO34.SA
Equity,Brasil,Outros,MRFG3.SA
Equity,Brasil,Outros,N1WL34.SA
Equity,Brasil,Outros,NTCO3.SA
Equity,Brasil,Outros,PEPB34.SA
Equity,Brasil,Outros,PGCO34.SA
Equity,Brasil,Outros,PHMO34.SA
Equity,Brasil,Outros,S1YY34.SA
Equity,Brasil,Outros,SEER3.SA
Equity,Brasil,Outros,SLCE3.SA
Equity,Brasil,Outros,STZB34.SA
Equity,Brasil,Outros,T1AL34.SA
Equity,Brasil,Outros,TGTB34.SA
Equity,Brasil,Outros,TSNF34.SA
Equity,Brasil,Outros,ULEV34.SA
Equity,Brasil,Outros,WALM34.SA
Equity,Brasil,Outros,YDUQ3.SA
Equity,Brasil,Saúde,A1LG34.SA
Equity,Brasil,Saúde,A1LN34.SA
Equity,Brasil,Saúde,A1SN34.SA
Equity,Brasil,Saúde,A1ZN34.SA
Equity,Brasil,Saúde,AALR3.SA
Equity,Brasil,Saúde,ABBV34.SA
Equity,Brasil,Saúde,ABTT34.SA
Equity,Brasil,Saúde,AMGN34.SA
Equity,Brasil,Saúde,B1AX34.SA
Equity,Brasil,Saúde,B1DX34.SA
Equity,Brasil,Saúde,B1GN34.SA
Equity,Brasil,Saúde,B1NT34.SA
Equity,Brasil,Saúde,B1SX34.SA
Equity,Brasil,Saúde,BALM3.SA
Equity,Brasil,Saúde,BALM4.SA
Equity,Brasil,Saúde,BIIB34.SA
Equity,Brasil,Saúde,BIOM3.SA
Equity,Brasil,Saúde,BLAU3.SA
Equity,Brasil,Saúde,BMYB34.SA
Equity,Brasil,Saúde,C1AH34.SA
Equity,Brasil,Saúde,C1NC34.SA
Equity,Brasil,Saúde,CVSH34.SA
Equity,Brasil,Saúde,D1EX34.SA
Equity,Brasil,Saúde,DASA3.SA
Equity,Brasil,Saúde,DHER34.SA
Equity,Brasil,Saúde,DMVF3.SA
Equity,Brasil,Saúde,DVAI34.SA
Equity,Brasil,Saúde,E1WL34.SA
Equity,Brasil,Saúde,FLRY3.SA
Equity,Brasil,Saúde,FMSC34.SA
Equity,Brasil,Saúde,G1LP34.SA
Equity,Brasil,Saúde,GILD34.SA
Equity,Brasil,Saúde,H1CA34.SA
Equity,Brasil,Saúde,H1SI34.SA
Equity,Brasil,Saúde,H1UM34.SA
Equity,Brasil,Saúde,HYPE3.SA
Equity,Brasil,Saúde,I1DX34.SA
Equity,Brasil,Saúde,I1LM34.SA
Equity,Brasil,Saúde,I1QV34.SA
Equity,Brasil,Saúde,I1SR34.SA
Equity,Brasil,Saúde,JNJB34.SA
Equity,Brasil,Saúde,KRSA3.SA
Equity,Brasil,Saúde,L1CA34.SA
Equity,Brasil,Saúde,LILY34.SA
Equity,Brasil,Saúde,M1RN34.SA
Equity,Brasil,Saúde,M1TD34.SA
Equity,Brasil,Saúde,MATD3.SA
Equity,Brasil,Saúde,MDTC34.SA
Equity,Brasil,Saúde,MRCK34.SA
Equity,Brasil,Saúde,N1BI34.SA
Equity,Brasil,Saúde,N1VO34.SA
Equity,Brasil,Saúde,N1VS34.SA
Equity,Brasil,Saúde,ODPV3.SA
Equity,Brasil,Saúde,OFSA3.SA
Equity,Brasil,Saúde,ONCO3.SA
Equity,Brasil,Saúde,P1RG34.SA
Equity,Brasil,Saúde,PFIZ34.SA
Equity,Brasil,Saúde,PFRM3.SA
Equity,Brasil,Saúde,PGMN3.SA
Equity,Brasil,Saúde,PNVL3.SA
Equity,Brasil,Saúde,QUAL3.SA
Equity,Brasil,Saúde,R1MD34.SA
Equity,Brasil,Saúde,R1VT34.SA
Equity,Brasil,Saúde,RADL3.SA
Equity,Brasil,Saúde,RDOR3.SA
Equity,Brasil,Saúde,REGN34.SA
Equity,Brasil,Saúde,S1RP34.SA
Equity,Brasil,Saúde,S1YK34.SA
Equity,Brasil,Saúde,T1CH34.SA
Equity,Brasil,Saúde,T1EV34.SA
Equity,Brasil,Saúde,T2DH34.SA
Equity,Brasil,Saúde,TAKP34.SA
Equity,Brasil,Saúde,TMOS34.SA
Equity,Brasil,Saúde,UNHH34.SA
Equity,Brasil,Saúde,V2EE34.SA
Equity,Brasil,Saúde,VRTX34.SA
Equity,Brasil,Saúde,VVEO3.SA
Equity,Brasil,Saúde,WGBA34.SA
Equity,Brasil,Saúde,Z1TS34.SA
Equity,Brasil,Tecnologia,A1KA34.SA
Equity,Brasil,Tecnologia,A1MD34.SA
Equity,Brasil,Tecnologia,A1MT34.SA
Equity,Brasil,Tecnologia,A1NE34.SA
Equity,Brasil,Tecnologia,A1NS34.SA
Equity,Brasil,Tecnologia,A1PH34.SA
Equity,Brasil,Tecnologia,A1UT34.SA
Equity,Brasil,Tecnologia,A1YX34.SA
Equity,Brasil,Tecnologia,AAPL34.SA
Equity,Brasil,Tecnologia,ACNB34.SA
Equity,Brasil,Tecnologia,ADBE34.SA
Equity,Brasil,Tecnologia,ALLD3.SA
Equity,Brasil,Tecnologia,ASML34.SA
Equity,Brasil,Tecnologia,AVGO34.SA
Equity,Brasil,Tecnologia,B1RF34.SA
Equity,Brasil,Tecnologia,B2HI34.SA
Equity,Brasil,Tecnologia,B2MB34.SA
Equity,Brasil,Tecnologia,C1DN34.SA
Equity,Brasil,Tecnologia,C1DW34.SA
Equity,Brasil,Tecnologia,C1HK34.SA
Equity,Brasil,Tecnologia,CIEL3.SA
Equity,Brasil,Tecnologia,CLSA3.SA
Equity,Brasil,Tecnologia,CSCO34.SA
Equity,Brasil,Tecnologia,CSUD3.SA
Equity,Brasil,Tecnologia,CTSH34.SA
Equity,Brasil,Tecnologia,D1DG34.SA
Equity,Brasil,Tecnologia,D1EL34.SA
Equity,Brasil,Tecnologia,D1OC34.SA
Equity,Brasil,Tecnologia,E1RI34.SA
Equity,Brasil,Tecnologia,E2EF34.SA
Equity,Brasil,Tecnologia,E2ST34.SA
Equity,Brasil,Tecnologia,F1IS34.SA
Equity,Brasil,Tecnologia,F1NI34.SA
Equity,Brasil,Tecnologia,F1SL34.SA
Equity,Brasil,Tecnologia,F1TN34.SA
Equity,Brasil,Tecnologia,F1TV34.SA
Equity,Brasil,Tecnologia,FSLR34.SA
Equity,Brasil,Tecnologia,G1AR34.SA
Equity,Brasil,Tecnologia,G1DS34.SA
Equity,Brasil,Tecnologia,G2DD34.SA
Equity,Brasil,Tecnologia,GPRO34.SA
Equity,Brasil,Tecnologia,H1PE34.SA
Equity,Brasil,Tecnologia,H2UB34.SA
Equity,Brasil,Tecnologia,HPQB34.SA
Equity,Brasil,Tecnologia,I1FO34.SA
Equity,Brasil,Tecnologia,IBMB34.SA
Equity,Brasil,Tecnologia,INTB3.SA
Equity,Brasil,Tecnologia,INTU34.SA
Equity,Brasil,Tecnologia,ITLC34.SA
Equity,Brasil,Tecnologia,J1NP34.SA
Equity,Brasil,Tecnologia,K1LA34.SA
Equity,Brasil,Tecnologia,K2CG34.SA
Equity,Brasil,Tecnologia,L1DO34.SA
Equity,Brasil,Tecnologia,L1RC34.SA
Equity,Brasil,Tecnologia,LWSA3.SA
Equity,Brasil,Tecnologia,M1CH34.SA
Equity,Brasil,Tecnologia,M1DB34.SA
Equity,Brasil,Tecnologia,M1SI34.SA
Equity,Brasil,Tecnologia,MLAS3.SA
Equity,Brasil,Tecnologia,MSFT34.SA
Equity,Brasil,Tecnologia,MUTC34.SA
Equity,Brasil,Tecnologia,N1OW34.SA
Equity,Brasil,Tecnologia,N1XP34.SA
Equity,Brasil,Tecnologia,NGRD3.SA
Equity,Brasil,Tecnologia,NINJ3.SA
Equity,Brasil,Tecnologia,NOKI34.SA
Equity,Brasil,Tecnologia,NVDC34.SA
Equity,Brasil,Tecnologia,O1KT34.SA
Equity,Brasil,Tecnologia,ORCL34.SA
Equity,Brasil,Tecnologia,P1YC34.SA
Equity,Brasil,Tecnologia,P2AT34.SA
Equity,Brasil,Tecnologia,P2LT34.SA
Equity,Brasil,Tecnologia,PAGS34.SA
Equity,Brasil,Tecnologia,PDTC3.SA
Equity,Brasil,Tecnologia,PHGN34.SA
Equity,Brasil,Tecnologia,POSI3.SA
Equity,Brasil,Tecnologia,Q1RV34.SA
Equity,Brasil,Tecnologia,QCOM34.SA
Equity,Brasil,Tecnologia,R1OP34.SA
Equity,Brasil,Tecnologia,S1NP34.SA
Equity,Brasil,Tecnologia,S1PL34.SA
Equity,Brasil,Tecnologia,S1YM34.SA
Equity,Brasil,Tecnologia,S2HO34.SA
Equity,Brasil,Tecnologia,S2NW34.SA
Equity,Brasil,Tecnologia,S2QS34.SA
Equity,Brasil,Tecnologia,S2QU34.SA
Equity,Brasil,Tecnologia,SAPP34.SA
Equity,Brasil,Tecnologia,SNEC34.SA
Equity,Brasil,Tecnologia,SSFO34.SA
Equity,Brasil,Tecnologia,STMN34.SA
Equity,Brasil,Tecnologia,STOC31.SA
Equity,Brasil,Tecnologia,T1AM34.SA
Equity,Brasil,Tecnologia,T2TD34.SA
Equity,Brasil,Tecnologia,TEXA34.SA
Equity,Brasil,Tecnologia,TOTS3.SA
Equity,Brasil,Tecnologia,TRAD3.SA
Equity,Brasil,Tecnologia,TSMC34.SA
Equity,Brasil,Tecnologia,U1BE34.SA
Equity,Brasil,Tecnologia,U2ST34.SA
Equity,Brasil,Tecnologia,V2ME34.SA
Equity,Brasil,Tecnologia,W1DA34.SA
Equity,Brasil,Tecnologia,W1DC34.SA
Equity,Brasil,Tecnologia,W1IX34.SA
Equity,Brasil,Tecnologia,XRXB34.SA
Equity,Brasil,Tecnologia,Z1BR34.SA
Equity,Brasil,Tecnologia,Z1OM34.SA
Equity,Brasil,Utilidades,A1EE34.SA
Equity,Brasil,Utilidades,A1EN34.SA
Equity,Brasil,Utilidades,A1EP34.SA
Equity,Brasil,Utilidades,A1ES34.SA
Equity,Brasil,Utilidades,A1WK34.SA
Equity,Brasil,Utilidades,AESB3.SA
Equity,Brasil,Utilidades,AFLT3.SA
Equity,Brasil,Utilidades,ALUP11.SA
Equity,Brasil,Utilidades,ALUP3.SA
Equity,Brasil,Utilidades,ALUP4.SA
Equity,Brasil,Utilidades,AURE3.SA
Equity,Brasil,Utilidades,C1MS34.SA
Equity,Brasil,Utilidades,CBEE3.SA
Equity,Brasil,Utilidades,CEBR3.SA
Equity,Brasil,Utilidades,CEBR5.SA
Equity,Brasil,Utilidades,CEBR6.SA
Equity,Brasil,Utilidades,CEEB3.SA
Equity,Brasil,Utilidades,CEEB5.SA
Equity,Brasil,Utilidades,CGAS3.SA
Equity,Brasil,Utilidades,CGAS5.SA
Equity,Brasil,Utilidades,CLSC3.SA
Equity,Brasil,Utilidades,CLSC4.SA
Equity,Brasil,Utilidades,CMIG3.SA
Equity,Brasil,Utilidades,CMIG4.SA
Equity,Brasil,Utilidades,COCE5.SA
Equity,Brasil,Utilidades,CPFE3.SA
Equity,Brasil,Utilidades,CPLE3.SA
Equity,Brasil,Utilidades,CPLE5.SA
Equity,Brasil,Utilidades,CPLE6.SA
Equity,Brasil,Utilidades,CSMG3.SA
Equity,Brasil,Utilidades,CSRN3.SA
Equity,Brasil,Utilidades,D1OM34.SA
Equity,Brasil,Utilidades,D1TE34.SA
Equity,Brasil,Utilidades,DUKB34.SA
Equity,Brasil,Utilidades,E1DI34.SA
Equity,Brasil,Utilidades,E1IX34.SA
Equity,Brasil,Utilidades,E1SE34.SA
Equity,Brasil,Utilidades,E1VR34.SA
Equity,Brasil,Utilidades,E1XC34.SA
Equity,Brasil,Utilidades,EGIE3.SA
Equity,Brasil,Utilidades,EKTR3.SA
Equity,Brasil,Utilidades,EKTR4.SA
Equity,Brasil,Utilidades,ELET3.SA
Equity,Brasil,Utilidades,ELET6.SA
Equity,Brasil,Utilidades,EMAE4.SA
Equity,Brasil,Utilidades,ENEV3.SA
Equity,Brasil,Utilidades,ENGI11.SA
Equity,Brasil,Utilidades,ENGI3.SA
Equity,Brasil,Utilidades,ENGI4.SA
Equity,Brasil,Utilidades,ENMT4.SA
Equity,Brasil,Utilidades,EQMA3B.SA
Equity,Brasil,Utilidades,EQPA3.SA
Equity,Brasil,Utilidades,EQPA7.SA
Equity,Brasil,Utilidades,EQTL3.SA
Equity,Brasil,Utilidades,F1EC34.SA
Equity,Brasil,Utilidades,GEPA3.SA
Equity,Brasil,Utilidades,GEPA4.SA
Equity,Brasil,Utilidades,GPAR3.SA
Equity,Brasil,Utilidades,LIGT3.SA
Equity,Brasil,Utilidades,N1GG34.SA
Equity,Brasil,Utilidades,N1RG34.SA
Equity,Brasil,Utilidades,NEOE3.SA
Equity,Brasil,Utilidades,NEXT34.SA
Equity,Brasil,Utilidades,RAIZ4.SA
Equity,Brasil,Utilidades,REDE3.SA
Equity,Brasil,Utilidades,RNEW11.SA
Equity,Brasil,Utilidades,RNEW3.SA
Equity,Brasil,Utilidades,RNEW4.SA
Equity,Brasil,Utilidades,SAPR11.SA
Equity,Brasil,Utilidades,SAPR3.SA
Equity,Brasil,Utilidades,SAPR4.SA
Equity,Brasil,Utilidades,SBSP3.SA
Equity,Brasil,Utilidades,SRNA3.SA
Equity,Brasil,Utilidades,T1SO34.SA
Equity,Brasil,Utilidades,TAEE11.SA
Equity,Brasil,Utilidades,TAEE3.SA
Equity,Brasil,Utilidades,TAEE4.SA
Equity,Brasil,Utilidades,TRPL3.SA
Equity,Brasil,Utilidades,TRPL4.SA
Equity,Brasil,Utilidades,W1EC34.SA
Moedas,Brasil,Cotação,BRL=X
Moedas,Brasil,Cotação,GBPBRL=X
Moedas,Brasil,Cotação,AUDBRL=X
Moedas,Brasil,Cotação,NZDBRL=X
Moedas,Brasil,Cotação,EURBRL=X
Moedas,Brasil,Cotação,CNYBRL=X
Moedas,Brasil,Cotação,HKDBRL=X
Moedas,Brasil,Cotação,SGDBRL=X
Moedas,Brasil,Cotação,INRBRL=X
Moedas,Brasil,Cotação,MXNBRL=X
Moedas,Brasil,Cotação,PHPBRL=X
Moedas,Brasil,Cotação,IDRBRL=X
Moedas,Brasil,Cotação,THBBRL=X
Moedas,Brasil,Cotação,MYRBRL=X
Moedas,Brasil,Cotação,ZARBRL=X
Moedas,Brasil,Cotação,RUBBRL=X
